{
  "76ers": {
    "C": 10.0,
    "F": 11.967032967032967,
    "G": 11.43956043956044
  },
  "Bucks": {
    "C": 8.479166666666666,
    "F": 10.423913043478262,
    "G": 11.808219178082192
  },
  "Bulls": {
    "C": 8.0,
    "F": 9.75609756097561,
    "G": 11.984848484848484
  },
  "Cavaliers": {
    "C": 7.980769230769231,
    "F": 10.506024096385541,
    "G": 11.229885057471265
  },
  "Celtics": {
    "C": 7.275,
    "F": 8.987804878048781,
    "G": 10.477611940298507
  },
  "Clippers": {
    "C": 8.4,
    "F": 8.950617283950617,
    "G": 10.246575342465754
  },
  "Grizzlies": {
    "C": 8.0,
    "F": 9.141304347826088,
    "G": 11.405063291139241
  },
  "Hawks": {
    "C": 7.533333333333333,
    "F": 11.72972972972973,
    "G": 11.469696969696969
  },
  "Heat": {
    "C": 8.20754716981132,
    "F": 8.945054945054945,
    "G": 10.882352941176471
  },
  "Hornets": {
    "C": 7.74,
    "F": 9.48913043478261,
    "G": 10.864197530864198
  },
  "Jazz": {
    "C": 8.018181818181818,
    "F": 9.703296703296703,
    "G": 11.344827586206897
  },
  "Kings": {
    "C": 8.191176470588236,
    "F": 9.807692307692308,
    "G": 10.673469387755102
  },
  "Knicks": {
    "C": 5.890909090909091,
    "F": 8.44943820224719,
    "G": 9.80952380952381
  },
  "Lakers": {
    "C": 6.7272727272727275,
    "F": 10.536585365853659,
    "G": 10.525641025641026
  },
  "Magic": {
    "C": 7.119047619047619,
    "F": 9.109375,
    "G": 10.484375
  },
  "Mavericks": {
    "C": 7.62962962962963,
    "F": 10.387096774193548,
    "G": 10.524390243902438
  },
  "Nets": {
    "C": 9.74,
    "F": 9.707865168539326,
    "G": 11.103896103896103
  },
  "Nuggets": {
    "C": 8.03921568627451,
    "F": 9.467391304347826,
    "G": 12.050632911392405
  },
  "Pacers": {
    "C": 8.386363636363637,
    "F": 10.148148148148149,
    "G": 12.44
  },
  "Pelicans": {
    "C": 6.9655172413793105,
    "F": 9.215909090909092,
    "G": 10.539473684210526
  },
  "Pistons": {
    "C": 7.788461538461538,
    "F": 9.025641025641026,
    "G": 11.69767441860465
  },
  "Raptors": {
    "C": 8.553571428571429,
    "F": 9.097826086956522,
    "G": 10.666666666666666
  },
  "Rockets": {
    "C": 6.644444444444445,
    "F": 8.884210526315789,
    "G": 10.54054054054054
  },
  "Spurs": {
    "C": 8.36,
    "F": 10.626373626373626,
    "G": 11.220930232558139
  },
  "Suns": {
    "C": 8.534883720930232,
    "F": 10.333333333333334,
    "G": 11.835443037974683
  },
  "Thunder": {
    "C": 7.14,
    "F": 9.547619047619047,
    "G": 10.419753086419753
  },
  "Timberwolves": {
    "C": 7.046511627906977,
    "F": 9.428571428571429,
    "G": 9.608108108108109
  },
  "Trail Blazers": {
    "C": 8.26530612244898,
    "F": 9.384615384615385,
    "G": 11.625
  },
  "Warriors": {
    "C": 9.405405405405405,
    "F": 11.219178082191782,
    "G": 10.2875
  },
  "Wizards": {
    "C": 7.113207547169812,
    "F": 9.857142857142858,
    "G": 10.104166666666666
  }
}